<?xml version="1.0" encoding="UTF-8"?>
<beans xmlns="http://www.springframework.org/schema/beans"
	xmlns:xsi="http://www.w3.org/2001/XMLSchema-instance"
	xmlns:context="http://www.springframework.org/schema/context"
	xsi:schemaLocation="http://www.springframework.org/schema/beans https://www.springframework.org/schema/beans/spring-beans.xsd
		http://www.springframework.org/schema/context http://www.springframework.org/schema/context/spring-context-4.3.xsd">
	
	<!-- Root Context: defines shared resources visible to all other web components -->
	<bean id="dataSource" class="org.springframework.jdbc.datasource.DriverManagerDataSource">
		<property name="driverClassName" value="org.postgresql.Driver"/>
		<property name="url" value="jdbc:postgresql://localhost:5432/ezendb"/>
		<property name="username" value="postgres"/>
		<property name="password" value="vkdlfl12"/>
	</bean>
	
	<bean id="sqlSessionFactory" class="org.mybatis.spring.SqlSessionFactoryBean">
		<property name="dataSource" ref="dataSource" />
		<property name="configLocation"  value="classpath:mybatis_config.xml" />
		<property name="mapperLocations" value="classpath:mapper/boardMapper.xml"></property>
	</bean>
	<bean id="sqlSession" class="org.mybatis.spring.SqlSessionTemplate">
      <constructor-arg ref="sqlSessionFactory" />
   </bean>
	<context:component-scan base-package="kr.co.heart" />
	
</beans>
